,Sl_No,Customer Key,Avg_Credit_Limit,Total_Credit_Cards,Total_visits_bank,Total_visits_online,Total_calls_made,interactions,avg_credit_per_card,avg_credit_per_interaction
0,1,87073,100000,2,1,1,0,2,50000.0,50000.0
1,2,38414,50000,3,0,10,9,19,16666.666666666668,2631.5789473684213
2,3,17341,50000,7,1,3,4,8,7142.857142857143,6250.0
3,4,40496,30000,5,1,1,4,6,6000.0,5000.0
4,5,47437,100000,6,0,12,3,15,16666.666666666668,6666.666666666667
5,6,58634,20000,3,0,1,8,9,6666.666666666667,2222.222222222222
6,7,48370,100000,5,0,11,2,13,20000.0,7692.307692307692
7,8,37376,15000,3,0,1,1,2,5000.0,7500.0
8,9,82490,5000,2,0,2,2,4,2500.0,1250.0
9,10,44770,3000,4,0,1,7,8,750.0,375.0
10,11,52741,10000,4,0,5,5,10,2500.0,1000.0
11,12,52326,13000,3,0,2,7,9,4333.333333333333,1444.4444444444443
12,13,92503,11000,1,2,5,9,16,11000.0,687.5
13,14,25084,9000,1,1,5,6,12,9000.0,750.0
14,15,68517,6000,2,2,4,6,12,3000.0,500.0
15,16,55196,8000,2,0,5,7,12,4000.0,666.6666666666666
16,17,62617,15000,2,1,2,4,7,7500.0,2142.8571428571427
17,18,96463,8000,2,0,3,4,7,4000.0,1142.857142857143
18,19,39137,11000,2,2,2,7,11,5500.0,1000.0
19,20,14309,19000,4,1,5,8,14,4750.0,1357.142857142857
20,21,29794,5000,3,2,5,5,12,1666.6666666666667,416.6666666666667
21,22,87241,16000,2,0,3,7,10,8000.0,1600.0
22,23,30507,6000,4,1,4,6,11,1500.0,545.4545454545455
23,24,61061,9000,1,1,3,4,8,9000.0,1125.0
24,25,24001,8000,2,0,2,10,12,4000.0,666.6666666666666
25,26,68067,18000,1,1,5,10,16,18000.0,1125.0
26,27,65034,16000,3,0,5,9,14,5333.333333333333,1142.857142857143
27,28,14854,9000,2,2,2,10,14,4500.0,642.8571428571429
28,29,81130,5000,2,0,4,6,10,2500.0,500.0
29,30,29112,8000,4,0,4,7,11,2000.0,727.2727272727273
30,31,13999,16000,3,1,5,4,10,5333.333333333333,1600.0
31,32,32550,11000,3,1,5,6,12,3666.6666666666665,916.6666666666666
32,33,82164,6000,1,0,5,10,15,6000.0,400.0
33,34,61517,16000,1,0,5,6,11,16000.0,1454.5454545454545
34,35,28254,8000,4,1,3,10,14,2000.0,571.4285714285714
35,36,30888,19000,2,0,4,4,8,9500.0,2375.0
36,37,46388,9000,3,1,4,10,15,3000.0,600.0
37,38,74126,17000,2,0,4,6,10,8500.0,1700.0
38,39,52142,13000,4,1,3,10,14,3250.0,928.5714285714286
39,40,37659,10000,2,2,4,9,15,5000.0,666.6666666666666
40,41,83132,19000,4,2,5,9,16,4750.0,1187.5
41,42,20119,10000,1,1,2,7,10,10000.0,1000.0
42,43,52363,16000,4,2,3,4,9,4000.0,1777.7777777777778
43,44,50769,20000,2,0,4,4,8,10000.0,2500.0
44,45,68502,11000,4,2,4,5,11,2750.0,1000.0
45,46,99026,14000,4,1,4,9,14,3500.0,1000.0
46,47,83326,5000,1,2,2,5,9,5000.0,555.5555555555555
47,48,62040,11000,1,2,2,6,10,11000.0,1100.0
48,49,37252,6000,4,0,2,8,10,1500.0,600.0
49,50,74625,14000,3,2,2,6,10,4666.666666666667,1400.0
50,51,51182,13000,1,0,5,9,14,13000.0,928.5714285714286
51,52,60301,6000,2,1,5,5,11,3000.0,545.4545454545455
52,53,96386,17000,2,1,5,8,14,8500.0,1214.2857142857142
53,54,43886,9000,3,0,5,9,14,3000.0,642.8571428571429
54,55,78503,14000,2,0,4,9,13,7000.0,1076.923076923077
55,56,68419,6000,1,2,2,4,8,6000.0,750.0
56,57,32828,6000,1,0,2,5,7,6000.0,857.1428571428571
57,58,17937,6000,2,0,2,10,12,3000.0,500.0
58,59,71632,9000,1,0,4,7,11,9000.0,818.1818181818181
59,60,81566,19000,4,1,4,9,14,4750.0,1357.142857142857
60,61,29759,20000,4,1,4,7,12,5000.0,1666.6666666666667
61,62,36929,18000,1,2,2,9,13,18000.0,1384.6153846153845
62,63,70248,5000,1,0,2,4,6,5000.0,833.3333333333334
63,64,91673,14000,3,0,4,6,10,4666.666666666667,1400.0
64,65,61355,12000,1,0,5,9,14,12000.0,857.1428571428571
65,66,60403,16000,1,1,4,4,9,16000.0,1777.7777777777778
66,67,85868,19000,2,0,3,6,9,9500.0,2111.1111111111113
67,68,76205,9000,4,2,2,6,10,2250.0,900.0
68,69,66524,7000,1,2,4,10,16,7000.0,437.5
69,70,69214,20000,1,2,3,7,12,20000.0,1666.6666666666667
70,71,21976,14000,1,2,4,7,13,14000.0,1076.923076923077
71,72,35149,6000,3,2,2,7,11,2000.0,545.4545454545455
72,73,27120,11000,3,1,2,6,9,3666.6666666666665,1222.2222222222222
73,74,18821,19000,3,1,3,6,10,6333.333333333333,1900.0
74,75,33187,7000,2,0,5,8,13,3500.0,538.4615384615385
75,76,93482,16000,3,1,4,6,11,5333.333333333333,1454.5454545454545
76,77,90168,17000,1,2,4,6,12,17000.0,1416.6666666666667
77,78,71881,13000,3,1,4,4,9,4333.333333333333,1444.4444444444443
78,79,59656,6000,2,0,4,10,14,3000.0,428.57142857142856
79,80,12026,15000,1,1,2,7,10,15000.0,1500.0
80,81,99589,20000,2,2,4,8,14,10000.0,1428.5714285714287
81,82,38970,7000,3,1,5,5,11,2333.3333333333335,636.3636363636364
82,83,57990,13000,1,1,2,5,8,13000.0,1625.0
83,84,39447,13000,3,1,4,6,11,4333.333333333333,1181.8181818181818
84,85,79694,9000,3,2,4,5,11,3000.0,818.1818181818181
85,86,79403,10000,1,1,4,5,10,10000.0,1000.0
86,87,47296,6000,4,1,3,7,11,1500.0,545.4545454545455
87,88,37559,5000,4,1,2,5,8,1250.0,625.0
88,89,38165,8000,1,1,4,8,13,8000.0,615.3846153846154
89,90,49198,7000,4,2,4,8,14,1750.0,500.0
90,91,18007,13000,2,1,4,6,11,6500.0,1181.8181818181818
91,92,59619,13000,1,1,2,10,13,13000.0,1000.0
92,93,37016,5000,1,1,4,6,11,5000.0,454.54545454545456
93,94,91099,8000,1,2,5,7,14,8000.0,571.4285714285714
94,95,74704,20000,2,2,4,4,10,10000.0,2000.0
95,96,25742,5000,1,2,5,7,14,5000.0,357.14285714285717
96,97,11937,18000,3,2,3,6,11,6000.0,1636.3636363636363
97,98,52736,15000,2,0,5,4,9,7500.0,1666.6666666666667
98,99,88338,13000,1,1,4,9,14,13000.0,928.5714285714286
99,100,18916,5000,2,1,4,6,11,2500.0,454.54545454545456
100,101,92501,11000,1,0,5,6,11,11000.0,1000.0
101,102,96213,11000,1,1,5,9,15,11000.0,733.3333333333334
102,103,26599,10000,4,1,5,10,16,2500.0,625.0
103,104,73007,13000,1,0,3,7,10,13000.0,1300.0
104,105,97935,17000,2,1,2,10,13,8500.0,1307.6923076923076
105,106,26089,12000,2,1,4,9,14,6000.0,857.1428571428571
106,107,14946,20000,2,1,5,5,11,10000.0,1818.1818181818182
107,108,74795,5000,2,2,2,6,10,2500.0,500.0
108,109,73435,8000,3,2,2,6,10,2666.6666666666665,800.0
109,110,41634,18000,4,2,3,8,13,4500.0,1384.6153846153845
110,111,84069,15000,4,2,3,5,10,3750.0,1500.0
111,112,83244,12000,2,0,4,9,13,6000.0,923.0769230769231
112,113,87291,18000,4,1,3,10,14,4500.0,1285.7142857142858
113,114,18086,7000,4,1,2,4,7,1750.0,1000.0
114,115,33369,18000,4,0,3,6,9,4500.0,2000.0
115,116,15310,7000,2,2,3,7,12,3500.0,583.3333333333334
116,117,98499,18000,1,0,2,7,9,18000.0,2000.0
117,118,35256,17000,4,0,4,7,11,4250.0,1545.4545454545455
118,119,89007,14000,3,1,4,5,10,4666.666666666667,1400.0
119,120,93997,9000,3,0,4,9,13,3000.0,692.3076923076923
120,121,16577,10000,4,2,4,6,12,2500.0,833.3333333333334
121,122,25440,13000,3,0,5,10,15,4333.333333333333,866.6666666666666
122,123,81116,10000,2,2,2,4,8,5000.0,1250.0
123,124,63663,17000,1,1,4,8,13,17000.0,1307.6923076923076
124,125,69811,5000,2,2,3,7,12,2500.0,416.6666666666667
125,126,36111,14000,2,1,5,5,11,7000.0,1272.7272727272727
126,127,39454,20000,4,1,4,9,14,5000.0,1428.5714285714287
127,128,70199,6000,3,2,3,9,14,2000.0,428.57142857142856
128,129,11602,8000,4,1,5,4,10,2000.0,800.0
129,130,49697,9000,3,1,4,6,11,3000.0,818.1818181818181
130,131,28701,18000,3,1,5,6,12,6000.0,1500.0
131,132,61627,9000,3,0,2,5,7,3000.0,1285.7142857142858
132,133,34103,12000,4,0,2,6,8,3000.0,1500.0
133,134,14248,10000,3,1,5,9,15,3333.3333333333335,666.6666666666666
134,135,31256,13000,4,1,5,7,13,3250.0,1000.0
135,136,45583,15000,3,2,3,6,11,5000.0,1363.6363636363637
136,137,52750,17000,3,0,2,8,10,5666.666666666667,1700.0
137,138,95507,15000,2,0,5,8,13,7500.0,1153.8461538461538
138,139,23743,15000,1,1,5,9,15,15000.0,1000.0
139,140,53410,19000,1,0,3,10,13,19000.0,1461.5384615384614
140,141,53898,14000,3,0,2,8,10,4666.666666666667,1400.0
141,142,66200,16000,2,0,4,5,9,8000.0,1777.7777777777778
142,143,58389,9000,4,1,4,8,13,2250.0,692.3076923076923
143,144,61347,9000,2,1,5,4,10,4500.0,900.0
144,145,59151,10000,4,2,4,8,14,2500.0,714.2857142857143
145,146,37802,13000,3,0,4,4,8,4333.333333333333,1625.0
146,147,60475,13000,2,1,3,9,13,6500.0,1000.0
147,148,95489,5000,2,2,5,6,13,2500.0,384.61538461538464
148,149,77758,7000,1,2,2,10,14,7000.0,500.0
149,150,23768,14000,2,1,2,7,10,7000.0,1400.0
150,151,87471,11000,3,2,2,9,13,3666.6666666666665,846.1538461538462
151,152,85707,19000,1,1,4,4,9,19000.0,2111.1111111111113
152,153,97951,15000,3,2,2,6,10,5000.0,1500.0
153,154,54785,7000,4,0,4,6,10,1750.0,700.0
154,155,97011,8000,4,2,3,10,15,2000.0,533.3333333333334
155,156,35103,19000,1,1,4,5,10,19000.0,1900.0
156,157,18564,12000,3,2,5,7,14,4000.0,857.1428571428571
157,158,61009,17000,1,2,5,8,15,17000.0,1133.3333333333333
158,159,24054,10000,3,2,5,9,16,3333.3333333333335,625.0
159,160,63751,8000,1,2,2,4,8,8000.0,1000.0
160,161,52758,7000,1,0,3,10,13,7000.0,538.4615384615385
161,162,78473,8000,3,2,5,5,12,2666.6666666666665,666.6666666666666
162,163,80457,8000,2,0,3,4,7,4000.0,1142.857142857143
163,164,59783,16000,3,0,5,10,15,5333.333333333333,1066.6666666666667
164,165,64241,13000,4,0,4,8,12,3250.0,1083.3333333333333
165,166,32374,14000,1,0,4,9,13,14000.0,1076.923076923077
166,167,97536,13000,4,0,4,7,11,3250.0,1181.8181818181818
167,168,33110,15000,4,2,3,6,11,3750.0,1363.6363636363637
168,169,36978,9000,1,1,4,9,14,9000.0,642.8571428571429
169,170,54281,14000,3,1,4,7,12,4666.666666666667,1166.6666666666667
170,171,98602,7000,2,1,2,8,11,3500.0,636.3636363636364
171,172,97687,6000,2,2,3,7,12,3000.0,500.0
172,173,28842,20000,2,0,5,6,11,10000.0,1818.1818181818182
173,174,38410,9000,2,1,5,8,14,4500.0,642.8571428571429
174,175,38261,17000,4,1,2,7,10,4250.0,1700.0
175,176,20524,6000,1,0,2,5,7,6000.0,857.1428571428571
176,177,37671,11000,2,2,2,5,9,5500.0,1222.2222222222222
177,178,25330,14000,3,0,4,8,12,4666.666666666667,1166.6666666666667
178,179,41787,6000,1,1,4,7,12,6000.0,500.0
179,180,11412,19000,2,2,3,4,9,9500.0,2111.1111111111113
180,181,55892,10000,1,0,3,5,8,10000.0,1250.0
181,182,95495,13000,3,0,2,10,12,4333.333333333333,1083.3333333333333
182,183,41946,11000,3,0,3,7,10,3666.6666666666665,1100.0
183,184,86410,16000,1,2,5,8,15,16000.0,1066.6666666666667
184,185,76718,14000,4,0,2,4,6,3500.0,2333.3333333333335
185,186,98969,18000,3,0,4,4,8,6000.0,2250.0
186,187,77143,9000,1,2,2,6,10,9000.0,900.0
187,188,38205,16000,2,2,3,8,13,8000.0,1230.7692307692307
188,189,53851,17000,2,0,3,5,8,8500.0,2125.0
189,190,52783,6000,3,2,3,5,10,2000.0,600.0
190,191,63405,20000,3,0,4,10,14,6666.666666666667,1428.5714285714287
191,192,48510,10000,2,1,3,6,10,5000.0,1000.0
192,193,97463,20000,3,0,3,5,8,6666.666666666667,2500.0
193,194,18145,6000,2,2,5,8,15,3000.0,400.0
194,195,14398,12000,2,0,4,4,8,6000.0,1500.0
195,196,98288,8000,2,1,4,8,13,4000.0,615.3846153846154
196,197,69704,14000,2,0,2,8,10,7000.0,1400.0
197,198,29058,12000,1,1,2,7,10,12000.0,1200.0
198,199,15546,19000,1,1,4,7,12,19000.0,1583.3333333333333
199,200,16715,7000,4,2,4,9,15,1750.0,466.6666666666667
200,201,87350,8000,3,0,2,9,11,2666.6666666666665,727.2727272727273
201,202,13215,11000,1,0,3,8,11,11000.0,1000.0
202,203,20593,5000,1,0,3,8,11,5000.0,454.54545454545456
203,204,56624,9000,2,0,3,7,10,4500.0,900.0
204,205,33317,17000,2,2,5,5,12,8500.0,1416.6666666666667
205,206,99596,17000,1,0,5,5,10,17000.0,1700.0
206,207,72430,17000,2,1,2,4,7,8500.0,2428.5714285714284
207,208,16676,19000,4,2,4,4,10,4750.0,1900.0
208,209,40486,11000,2,0,3,9,12,5500.0,916.6666666666666
209,210,90958,9000,1,0,2,9,11,9000.0,818.1818181818181
210,211,67212,16000,4,1,4,6,11,4000.0,1454.5454545454545
211,212,44226,10000,3,1,5,4,10,3333.3333333333335,1000.0
212,213,94251,10000,3,1,3,4,8,3333.3333333333335,1250.0
213,214,61776,8000,1,0,2,10,12,8000.0,666.6666666666666
214,215,55275,15000,4,1,4,9,14,3750.0,1071.4285714285713
215,216,18609,8000,4,0,4,7,11,2000.0,727.2727272727273
216,217,54477,11000,3,1,5,4,10,3666.6666666666665,1100.0
217,218,12122,11000,4,0,2,5,7,2750.0,1571.4285714285713
218,219,28208,19000,3,1,5,7,13,6333.333333333333,1461.5384615384614
219,220,68003,13000,2,1,5,8,14,6500.0,928.5714285714286
220,221,79632,8000,1,0,3,10,13,8000.0,615.3846153846154
221,222,73811,7000,2,2,5,6,13,3500.0,538.4615384615385
222,223,72892,20000,4,1,3,10,14,5000.0,1428.5714285714287
223,224,51773,20000,2,2,4,10,16,10000.0,1250.0
224,225,96163,12000,4,1,5,9,15,3000.0,800.0
225,226,61234,16000,4,1,2,5,8,4000.0,2000.0
226,227,55849,8000,1,2,4,8,14,8000.0,571.4285714285714
227,228,56156,8000,2,2,3,8,13,4000.0,615.3846153846154
228,229,54838,10000,7,2,0,0,2,1428.5714285714287,5000.0
229,230,35254,8000,7,2,1,4,7,1142.857142857143,1142.857142857143
230,231,46635,17000,4,5,0,2,7,4250.0,2428.5714285714284
231,232,97825,19000,6,3,2,3,8,3166.6666666666665,2375.0
232,233,83125,20000,5,4,1,0,5,4000.0,4000.0
233,234,35483,13000,7,2,1,0,3,1857.142857142857,4333.333333333333
234,235,15129,16000,6,5,0,4,9,2666.6666666666665,1777.7777777777778
235,236,83290,13000,7,4,0,0,4,1857.142857142857,3250.0
236,237,56486,8000,7,5,2,3,10,1142.857142857143,800.0
237,238,31903,8000,6,4,0,4,8,1333.3333333333333,1000.0
238,239,45909,19000,5,2,2,0,4,3800.0,4750.0
239,240,14263,16000,5,2,0,0,2,3200.0,8000.0
240,241,46813,20000,4,2,2,1,5,5000.0,4000.0
241,242,81878,10000,4,5,1,3,9,2500.0,1111.111111111111
242,243,35549,8000,4,3,2,4,9,2000.0,888.8888888888889
243,244,85799,12000,6,4,2,1,7,2000.0,1714.2857142857142
244,245,39122,5000,7,3,2,4,9,714.2857142857143,555.5555555555555
245,246,81531,10000,4,2,1,0,3,2500.0,3333.3333333333335
246,247,69965,7000,4,5,0,1,6,1750.0,1166.6666666666667
247,248,18595,19000,7,3,1,2,6,2714.285714285714,3166.6666666666665
248,249,44398,11000,6,5,1,0,6,1833.3333333333333,1833.3333333333333
249,250,32352,9000,6,5,2,0,7,1500.0,1285.7142857142858
250,251,40898,18000,6,3,1,4,8,3000.0,2250.0
251,252,27101,18000,6,2,1,2,5,3000.0,3600.0
252,253,33457,9000,4,5,0,4,9,2250.0,1000.0
253,254,45088,18000,6,2,1,4,7,3000.0,2571.4285714285716
254,255,23302,16000,4,3,1,0,4,4000.0,4000.0
255,256,27408,7000,5,5,2,3,10,1400.0,700.0
256,257,65372,13000,7,3,1,4,8,1857.142857142857,1625.0
257,258,21531,10000,6,4,2,3,9,1666.6666666666667,1111.111111111111
258,259,56843,12000,6,3,2,1,6,2000.0,2000.0
259,260,17165,6000,4,4,1,4,9,1500.0,666.6666666666666
260,261,89328,15000,4,5,1,0,6,3750.0,2500.0
261,262,20072,18000,5,3,0,4,7,3600.0,2571.4285714285716
262,263,71402,14000,5,4,2,1,7,2800.0,2000.0
263,264,47496,14000,4,2,0,0,2,3500.0,7000.0
264,265,24808,17000,4,4,1,2,7,4250.0,2428.5714285714284
265,266,17036,9000,7,4,2,1,7,1285.7142857142858,1285.7142857142858
266,267,67193,20000,7,5,0,0,5,2857.1428571428573,4000.0
267,268,34423,15000,6,4,0,1,5,2500.0,3000.0
268,269,97109,17000,6,5,0,0,5,2833.3333333333335,3400.0
269,270,55382,16000,5,5,1,2,8,3200.0,2000.0
270,271,51811,10000,4,5,2,1,8,2500.0,1250.0
271,272,53936,7000,7,2,0,4,6,1000.0,1166.6666666666667
272,273,66504,17000,6,2,2,4,8,2833.3333333333335,2125.0
273,274,53207,18000,6,5,2,1,8,3000.0,2250.0
274,275,18514,10000,5,5,1,3,9,2000.0,1111.111111111111
275,276,51319,16000,6,2,1,3,6,2666.6666666666665,2666.6666666666665
276,277,36340,15000,4,5,2,0,7,3750.0,2142.8571428571427
277,278,36934,17000,4,5,0,4,9,4250.0,1888.888888888889
278,279,95925,10000,7,4,2,4,10,1428.5714285714287,1000.0
279,280,49771,6000,6,5,2,1,8,1000.0,750.0
280,281,22919,7000,6,4,1,2,7,1166.6666666666667,1000.0
281,282,21233,14000,7,2,0,0,2,2000.0,7000.0
282,283,74544,6000,6,3,1,1,5,1000.0,1200.0
283,284,52025,7000,4,3,1,0,4,1750.0,1750.0
284,285,45652,12000,7,2,1,2,5,1714.2857142857142,2400.0
285,286,73952,11000,5,5,2,4,11,2200.0,1000.0
286,287,49418,8000,4,5,0,0,5,2000.0,1600.0
287,288,77026,19000,7,2,0,1,3,2714.285714285714,6333.333333333333
288,289,49331,7000,5,2,2,4,8,1400.0,875.0
289,290,75775,7000,6,5,2,2,9,1166.6666666666667,777.7777777777778
290,291,54906,18000,6,3,1,0,4,3000.0,4500.0
291,292,94666,5000,7,3,2,2,7,714.2857142857143,714.2857142857143
292,293,11698,17000,4,3,0,4,7,4250.0,2428.5714285714284
293,294,34677,6000,5,2,1,0,3,1200.0,2000.0
294,295,95610,7000,6,5,2,3,10,1166.6666666666667,700.0
295,296,41380,10000,6,4,2,3,9,1666.6666666666667,1111.111111111111
296,297,38033,11000,4,4,0,2,6,2750.0,1833.3333333333333
297,298,85337,7000,7,4,0,0,4,1000.0,1750.0
298,299,38994,12000,6,5,0,2,7,2000.0,1714.2857142857142
299,300,67911,9000,6,5,2,3,10,1500.0,900.0
300,301,92956,15000,6,5,0,0,5,2500.0,3000.0
301,302,77641,8000,6,4,2,4,10,1333.3333333333333,800.0
302,303,57565,17000,4,2,2,2,6,4250.0,2833.3333333333335
303,304,53814,13000,4,5,2,2,9,3250.0,1444.4444444444443
304,305,30712,16000,4,4,2,4,10,4000.0,1600.0
305,306,19785,19000,6,5,1,4,10,3166.6666666666665,1900.0
306,307,31384,19000,6,3,0,0,3,3166.6666666666665,6333.333333333333
307,308,16374,8000,5,3,2,1,6,1600.0,1333.3333333333333
308,309,50878,10000,4,5,0,3,8,2500.0,1250.0
309,310,78002,14000,6,5,2,3,10,2333.3333333333335,1400.0
310,311,83459,5000,4,5,0,1,6,1250.0,833.3333333333334
311,312,91987,10000,6,3,0,0,3,1666.6666666666667,3333.3333333333335
312,313,51552,5000,7,3,1,4,8,714.2857142857143,625.0
313,314,72156,7000,4,2,2,4,8,1750.0,875.0
314,315,24998,12000,7,3,1,2,6,1714.2857142857142,2000.0
315,316,45673,19000,4,3,1,3,7,4750.0,2714.285714285714
316,317,11596,18000,6,4,0,2,6,3000.0,3000.0
317,318,87485,5000,5,5,0,4,9,1000.0,555.5555555555555
318,319,28414,14000,6,4,0,3,7,2333.3333333333335,2000.0
319,320,81863,8000,6,2,0,3,5,1333.3333333333333,1600.0
320,321,33240,12000,6,5,2,1,8,2000.0,1500.0
321,322,11466,9000,7,5,0,0,5,1285.7142857142858,1800.0
322,323,23881,8000,6,3,1,2,6,1333.3333333333333,1333.3333333333333
323,324,44645,6000,4,2,2,2,6,1500.0,1000.0
324,325,49844,9000,4,5,0,4,9,2250.0,1000.0
325,326,92782,14000,4,4,2,3,9,3500.0,1555.5555555555557
326,327,22824,6000,4,4,2,3,9,1500.0,666.6666666666666
327,328,26767,11000,5,5,1,1,7,2200.0,1571.4285714285713
328,329,26678,14000,4,4,2,1,7,3500.0,2000.0
329,330,50412,5000,7,4,2,4,10,714.2857142857143,500.0
330,331,17933,19000,6,3,1,2,6,3166.6666666666665,3166.6666666666665
331,332,34495,18000,6,5,2,0,7,3000.0,2571.4285714285716
332,333,47437,17000,7,3,1,0,4,2428.5714285714284,4250.0
333,334,22610,15000,5,4,2,2,8,3000.0,1875.0
334,335,41159,8000,7,4,2,0,6,1142.857142857143,1333.3333333333333
335,336,64672,19000,6,5,2,0,7,3166.6666666666665,2714.285714285714
336,337,62483,12000,4,4,2,1,7,3000.0,1714.2857142857142
337,338,85614,6000,7,2,0,4,6,857.1428571428571,1000.0
338,339,96548,20000,6,2,0,1,3,3333.3333333333335,6666.666666666667
339,340,19137,10000,6,3,1,1,5,1666.6666666666667,2000.0
340,341,69028,7000,6,3,1,1,5,1166.6666666666667,1400.0
341,342,70779,18000,4,3,2,0,5,4500.0,3600.0
342,343,38244,9000,6,4,2,3,9,1500.0,1000.0
343,344,67046,6000,5,3,2,4,9,1200.0,666.6666666666666
344,345,64897,16000,5,2,2,1,5,3200.0,3200.0
345,346,46223,14000,7,4,2,1,7,2000.0,2000.0
346,347,36628,19000,6,3,0,1,4,3166.6666666666665,4750.0
347,348,17565,5000,6,2,0,3,5,833.3333333333334,1000.0
348,349,77381,18000,4,4,2,3,9,4500.0,2000.0
349,350,11799,11000,7,3,2,3,8,1571.4285714285713,1375.0
350,351,81940,11000,5,2,0,2,4,2200.0,2750.0
351,352,66706,12000,7,2,0,1,3,1714.2857142857142,4000.0
352,353,87838,15000,5,2,0,0,2,3000.0,7500.0
353,354,94437,9000,5,4,1,3,8,1800.0,1125.0
354,355,33790,9000,7,4,0,2,6,1285.7142857142858,1500.0
355,356,44402,10000,5,5,1,4,10,2000.0,1000.0
356,357,29886,16000,6,5,1,1,7,2666.6666666666665,2285.714285714286
357,358,66804,7000,4,4,2,2,8,1750.0,875.0
358,359,47866,9000,5,2,2,0,4,1800.0,2250.0
359,360,61996,8000,4,2,0,2,4,2000.0,2000.0
360,361,15318,14000,6,3,0,1,4,2333.3333333333335,3500.0
361,362,89635,18000,6,3,1,4,8,3000.0,2250.0
362,363,71681,20000,5,5,2,1,8,4000.0,2500.0
363,364,71862,6000,5,2,0,1,3,1200.0,2000.0
364,365,96186,13000,6,4,2,3,9,2166.6666666666665,1444.4444444444443
365,366,22348,13000,7,5,0,2,7,1857.142857142857,1857.142857142857
366,367,36243,17000,7,5,0,3,8,2428.5714285714284,2125.0
367,368,88807,8000,4,3,2,1,6,2000.0,1333.3333333333333
368,369,82376,20000,4,3,0,3,6,5000.0,3333.3333333333335
369,370,98126,19000,6,4,1,3,8,3166.6666666666665,2375.0
370,371,80347,11000,5,3,2,3,8,2200.0,1375.0
371,372,17649,6000,5,2,2,1,5,1200.0,1200.0
372,373,62807,17000,6,5,1,1,7,2833.3333333333335,2428.5714285714284
373,374,92522,6000,4,5,0,1,6,1500.0,1000.0
374,375,57459,18000,6,5,0,4,9,3000.0,2000.0
375,376,44579,16000,6,3,1,3,7,2666.6666666666665,2285.714285714286
376,377,45476,13000,5,4,1,2,7,2600.0,1857.142857142857
377,378,61994,19000,5,2,0,4,6,3800.0,3166.6666666666665
378,379,11398,12000,6,5,2,1,8,2000.0,1500.0
379,380,24702,6000,7,2,0,3,5,857.1428571428571,1200.0
380,381,27824,13000,7,2,0,4,6,1857.142857142857,2166.6666666666665
381,382,45878,19000,4,2,0,1,3,4750.0,6333.333333333333
382,383,72431,6000,6,3,2,3,8,1000.0,750.0
383,384,19215,18000,5,3,1,3,7,3600.0,2571.4285714285716
384,385,23409,8000,4,4,0,0,4,2000.0,2000.0
385,386,16418,8000,7,4,2,0,6,1142.857142857143,1333.3333333333333
386,387,85122,18000,5,2,2,2,6,3600.0,3000.0
387,388,55060,8000,7,3,0,3,6,1142.857142857143,1333.3333333333333
388,389,55478,12000,5,4,2,1,7,2400.0,1714.2857142857142
389,390,65574,11000,4,5,0,3,8,2750.0,1375.0
390,391,31113,11000,4,2,0,4,6,2750.0,1833.3333333333333
391,392,96929,13000,4,5,0,0,5,3250.0,2600.0
392,393,78912,6000,4,4,0,0,4,1500.0,1500.0
393,394,68439,20000,4,2,0,1,3,5000.0,6666.666666666667
394,395,62864,13000,7,4,0,1,5,1857.142857142857,2600.0
395,396,31515,5000,4,5,0,1,6,1250.0,833.3333333333334
396,397,77954,73000,6,4,2,0,6,12166.666666666666,12166.666666666666
397,398,88207,49000,5,3,2,0,5,9800.0,9800.0
398,399,96929,67000,6,2,2,2,6,11166.666666666666,11166.666666666666
399,400,78618,61000,7,3,0,1,4,8714.285714285714,15250.0
400,401,31551,75000,7,3,2,4,9,10714.285714285714,8333.333333333334
401,402,75792,48000,4,4,0,3,7,12000.0,6857.142857142857
402,403,29864,56000,4,2,0,2,4,14000.0,14000.0
403,404,45440,72000,4,3,2,1,6,18000.0,12000.0
404,405,97954,70000,7,2,0,4,6,10000.0,11666.666666666666
405,406,90189,51000,7,3,0,4,7,7285.714285714285,7285.714285714285
406,407,55090,73000,6,2,0,2,4,12166.666666666666,18250.0
407,408,17703,50000,5,4,0,1,5,10000.0,10000.0
408,409,33991,49000,5,3,0,1,4,9800.0,12250.0
409,410,88884,69000,7,2,2,2,6,9857.142857142857,11500.0
410,411,45808,40000,5,2,2,2,6,8000.0,6666.666666666667
411,412,50706,44000,4,5,0,2,7,11000.0,6285.714285714285
412,413,92140,31000,6,5,2,1,8,5166.666666666667,3875.0
413,414,88123,37000,7,5,0,1,6,5285.714285714285,6166.666666666667
414,415,53932,65000,4,3,0,3,6,16250.0,10833.333333333334
415,416,65908,48000,7,3,2,3,8,6857.142857142857,6000.0
416,417,25321,46000,5,2,2,3,7,9200.0,6571.428571428572
417,418,87456,61000,5,5,1,4,10,12200.0,6100.0
418,419,48602,74000,5,2,0,0,2,14800.0,37000.0
419,420,97530,58000,6,4,0,1,5,9666.666666666666,11600.0
420,421,48657,39000,5,3,2,2,7,7800.0,5571.428571428572
421,422,76209,70000,5,5,0,4,9,14000.0,7777.777777777777
422,423,49913,56000,6,3,1,0,4,9333.333333333334,14000.0
423,424,53002,52000,5,3,0,3,6,10400.0,8666.666666666666
424,425,61122,33000,5,4,2,0,6,6600.0,5500.0
425,426,82807,47000,6,2,0,4,6,7833.333333333333,7833.333333333333
426,427,93496,71000,7,2,0,2,4,10142.857142857143,17750.0
427,428,64519,50000,7,5,2,2,9,7142.857142857143,5555.555555555556
428,429,31950,56000,4,4,0,3,7,14000.0,8000.0
429,430,23110,41000,4,4,1,0,5,10250.0,8200.0
430,431,96297,71000,6,4,0,0,4,11833.333333333334,17750.0
431,432,28408,72000,6,5,2,3,10,12000.0,7200.0
432,433,37252,59000,6,2,1,2,5,9833.333333333334,11800.0
433,434,41287,64000,6,3,2,3,8,10666.666666666666,8000.0
434,435,52460,45000,4,2,1,2,5,11250.0,9000.0
435,436,26604,74000,4,5,0,3,8,18500.0,9250.0
436,437,58019,73000,4,2,1,1,4,18250.0,18250.0
437,438,87219,54000,6,3,0,2,5,9000.0,10800.0
438,439,36839,31000,7,2,1,4,7,4428.571428571428,4428.571428571428
439,440,12663,66000,7,4,0,3,7,9428.57142857143,9428.57142857143
440,441,48667,50000,5,3,0,3,6,10000.0,8333.333333333334
441,442,42887,27000,6,2,1,3,6,4500.0,4500.0
442,443,14439,51000,4,3,0,3,6,12750.0,8500.0
443,444,60851,65000,6,5,2,3,10,10833.333333333334,6500.0
444,445,41266,67000,6,5,2,0,7,11166.666666666666,9571.42857142857
445,446,37438,43000,7,5,0,4,9,6142.857142857143,4777.777777777777
446,447,65747,70000,5,4,0,2,6,14000.0,11666.666666666666
447,448,81166,61000,5,2,2,1,5,12200.0,12200.0
448,449,20570,31000,4,4,2,1,7,7750.0,4428.571428571428
449,450,14816,36000,4,3,2,3,8,9000.0,4500.0
450,451,11265,51000,7,3,2,0,5,7285.714285714285,10200.0
451,452,24980,36000,4,4,2,2,8,9000.0,4500.0
452,453,37934,50000,5,4,2,3,9,10000.0,5555.555555555556
453,454,70707,74000,4,4,0,3,7,18500.0,10571.42857142857
454,455,84351,25000,4,3,0,2,5,6250.0,5000.0
455,456,89446,47000,6,2,0,4,6,7833.333333333333,7833.333333333333
456,457,17325,41000,6,5,2,3,10,6833.333333333333,4100.0
457,458,64774,57000,5,2,0,4,6,11400.0,9500.0
458,459,53166,67000,7,2,1,3,6,9571.42857142857,11166.666666666666
459,460,45341,74000,7,4,2,4,10,10571.42857142857,7400.0
460,461,94595,26000,6,4,2,3,9,4333.333333333333,2888.8888888888887
461,462,55170,38000,4,4,2,3,9,9500.0,4222.222222222223
462,463,92489,75000,4,4,0,1,5,18750.0,15000.0
463,464,92933,38000,4,5,1,4,10,9500.0,3800.0
464,465,36504,52000,4,2,1,2,5,13000.0,10400.0
465,466,40508,48000,5,5,0,2,7,9600.0,6857.142857142857
466,467,15798,70000,6,2,0,3,5,11666.666666666666,14000.0
467,468,70101,36000,4,4,2,1,7,9000.0,5142.857142857143
468,469,77613,36000,5,5,0,4,9,7200.0,4000.0
469,470,84360,66000,6,2,1,1,4,11000.0,16500.0
470,471,48402,37000,5,5,1,4,10,7400.0,3700.0
471,472,46776,48000,6,3,2,2,7,8000.0,6857.142857142857
472,473,67258,35000,6,3,1,4,8,5833.333333333333,4375.0
473,474,44804,26000,6,3,1,2,6,4333.333333333333,4333.333333333333
474,475,29919,38000,4,3,1,4,8,9500.0,4750.0
475,476,65781,45000,5,5,2,2,9,9000.0,5000.0
476,477,12456,70000,6,5,0,4,9,11666.666666666666,7777.777777777777
477,478,62649,51000,7,5,2,4,11,7285.714285714285,4636.363636363636
478,479,74446,34000,6,3,2,1,6,5666.666666666667,5666.666666666667
479,480,36632,47000,7,3,2,2,7,6714.285714285715,6714.285714285715
480,481,76024,47000,6,2,0,0,2,7833.333333333333,23500.0
481,482,75065,30000,7,3,1,0,4,4285.714285714285,7500.0
482,483,51682,74000,4,2,0,4,6,18500.0,12333.333333333334
483,484,18397,30000,5,4,1,1,6,6000.0,5000.0
484,485,29102,28000,5,4,1,1,6,5600.0,4666.666666666667
485,486,56367,58000,7,3,2,1,6,8285.714285714286,9666.666666666666
486,487,95147,64000,4,2,2,2,6,16000.0,10666.666666666666
487,488,44379,39000,7,5,2,1,8,5571.428571428572,4875.0
488,489,76957,44000,6,4,0,2,6,7333.333333333333,7333.333333333333
489,490,42921,50000,7,5,2,1,8,7142.857142857143,6250.0
490,491,23102,65000,4,2,0,0,2,16250.0,32500.0
491,492,61324,63000,4,5,0,0,5,15750.0,12600.0
492,493,49690,50000,6,4,2,0,6,8333.333333333334,8333.333333333334
493,494,20043,35000,6,2,1,4,7,5833.333333333333,5000.0
494,495,44144,29000,4,3,0,1,4,7250.0,7250.0
495,496,53552,56000,7,3,0,3,6,8000.0,9333.333333333334
496,497,62530,49000,5,3,2,3,8,9800.0,6125.0
497,498,41741,52000,4,2,1,2,5,13000.0,10400.0
498,499,22842,31000,4,4,1,0,5,7750.0,6200.0
499,500,65825,68000,6,4,2,2,8,11333.333333333334,8500.0
500,501,77826,41000,5,4,0,4,8,8200.0,5125.0
501,502,61216,38000,6,3,1,0,4,6333.333333333333,9500.0
502,503,83192,54000,6,2,2,4,8,9000.0,6750.0
503,504,82023,70000,6,3,0,0,3,11666.666666666666,23333.333333333332
504,505,73000,34000,6,5,1,0,6,5666.666666666667,5666.666666666667
505,506,64550,68000,5,2,0,2,4,13600.0,17000.0
506,507,90131,26000,6,5,2,3,10,4333.333333333333,2600.0
507,508,17382,42000,6,3,2,0,5,7000.0,8400.0
508,509,27117,59000,7,2,0,3,5,8428.57142857143,11800.0
509,510,94529,30000,4,4,2,1,7,7500.0,4285.714285714285
510,511,21717,33000,6,2,2,2,6,5500.0,5500.0
511,512,81910,49000,6,2,0,2,4,8166.666666666667,12250.0
512,513,76492,62000,6,2,1,3,6,10333.333333333334,10333.333333333334
513,514,43000,40000,5,3,1,4,8,8000.0,5000.0
514,515,48692,30000,5,2,2,3,7,6000.0,4285.714285714285
515,516,27476,37000,4,4,2,2,8,9250.0,4625.0
516,517,15086,32000,7,4,0,3,7,4571.428571428572,4571.428571428572
517,518,43034,62000,4,2,2,3,7,15500.0,8857.142857142857
518,519,99131,36000,7,4,0,2,6,5142.857142857143,6000.0
519,520,13140,57000,7,2,0,0,2,8142.857142857143,28500.0
520,521,99437,39000,6,4,0,4,8,6500.0,4875.0
521,522,91242,70000,4,3,2,2,7,17500.0,10000.0
522,523,39285,36000,7,5,0,0,5,5142.857142857143,7200.0
523,524,63710,69000,6,3,0,2,5,11500.0,13800.0
524,525,90860,59000,7,3,2,4,9,8428.57142857143,6555.555555555556
525,526,35585,71000,5,4,1,0,5,14200.0,14200.0
526,527,58708,29000,4,2,2,3,7,7250.0,4142.857142857143
527,528,57451,37000,5,2,1,3,6,7400.0,6166.666666666667
528,529,69868,34000,4,3,0,1,4,8500.0,8500.0
529,530,43679,34000,6,3,2,4,9,5666.666666666667,3777.777777777778
530,531,30256,38000,4,3,0,0,3,9500.0,12666.666666666666
531,532,26334,32000,4,3,2,2,7,8000.0,4571.428571428572
532,533,47848,48000,4,3,2,2,7,12000.0,6857.142857142857
533,534,17377,36000,6,3,0,3,6,6000.0,6000.0
534,535,39644,56000,6,4,0,3,7,9333.333333333334,8000.0
535,536,29176,28000,4,5,1,3,9,7000.0,3111.1111111111113
536,537,55706,48000,4,4,1,0,5,12000.0,9600.0
537,538,51771,68000,7,3,1,4,8,9714.285714285714,8500.0
538,539,83585,74000,7,4,1,3,8,10571.42857142857,9250.0
539,540,51867,70000,4,4,1,0,5,17500.0,14000.0
540,541,68040,45000,7,2,0,3,5,6428.571428571428,9000.0
541,542,50706,60000,7,5,2,2,9,8571.42857142857,6666.666666666667
542,543,75417,47000,5,5,1,2,8,9400.0,5875.0
543,544,34775,60000,5,2,1,0,3,12000.0,20000.0
544,545,85645,54000,6,3,1,2,6,9000.0,9000.0
545,546,83545,28000,7,5,0,4,9,4000.0,3111.1111111111113
546,547,44157,68000,7,2,1,4,7,9714.285714285714,9714.285714285714
547,548,38125,26000,4,5,2,4,11,6500.0,2363.6363636363635
548,549,75398,56000,4,3,0,4,7,14000.0,8000.0
549,550,90999,39000,7,5,2,3,10,5571.428571428572,3900.0
550,551,70376,59000,7,5,2,3,10,8428.57142857143,5900.0
551,552,33295,37000,7,2,1,1,4,5285.714285714285,9250.0
552,553,80942,65000,7,3,2,1,6,9285.714285714286,10833.333333333334
553,554,26493,41000,7,4,1,3,8,5857.142857142857,5125.0
554,555,97850,33000,5,2,2,0,4,6600.0,8250.0
555,556,43841,52000,4,5,0,4,9,13000.0,5777.777777777777
556,557,79885,60000,4,5,0,4,9,15000.0,6666.666666666667
557,558,59316,62000,7,4,1,4,9,8857.142857142857,6888.888888888889
558,559,83466,40000,6,5,1,2,8,6666.666666666667,5000.0
559,560,81510,41000,7,5,2,3,10,5857.142857142857,4100.0
560,561,35268,46000,6,3,1,0,4,7666.666666666667,11500.0
561,562,11734,29000,7,5,0,2,7,4142.857142857143,4142.857142857143
562,563,88411,56000,7,3,0,1,4,8000.0,14000.0
563,564,96269,69000,5,4,1,0,5,13800.0,13800.0
564,565,87683,36000,7,4,0,0,4,5142.857142857143,9000.0
565,566,26063,69000,6,5,0,1,6,11500.0,11500.0
566,567,42479,38000,6,5,0,1,6,6333.333333333333,6333.333333333333
567,568,58116,29000,7,3,1,1,5,4142.857142857143,5800.0
568,569,67282,58000,6,5,1,0,6,9666.666666666666,9666.666666666666
569,570,84888,72000,6,4,1,0,5,12000.0,14400.0
570,571,75366,64000,4,2,1,1,4,16000.0,16000.0
571,572,14377,36000,7,2,0,4,6,5142.857142857143,6000.0
572,573,59074,71000,7,4,0,2,6,10142.857142857143,11833.333333333334
573,574,96534,66000,7,2,2,3,7,9428.57142857143,9428.57142857143
574,575,31870,70000,4,3,2,0,5,17500.0,14000.0
575,576,24748,73000,5,3,0,4,7,14600.0,10428.57142857143
576,577,68920,30000,6,3,1,1,5,5000.0,6000.0
577,578,67637,44000,5,3,0,4,7,8800.0,6285.714285714285
578,579,60839,39000,7,5,0,3,8,5571.428571428572,4875.0
579,580,59170,65000,4,3,0,0,3,16250.0,21666.666666666668
580,581,90586,52000,4,5,2,1,8,13000.0,6500.0
581,582,56270,26000,6,5,1,4,10,4333.333333333333,2600.0
582,583,87670,68000,6,5,1,0,6,11333.333333333334,11333.333333333334
583,584,47703,52000,6,2,0,0,2,8666.666666666666,26000.0
584,585,35421,34000,6,4,1,3,8,5666.666666666667,4250.0
585,586,58511,39000,7,4,0,4,8,5571.428571428572,4875.0
586,587,76398,31000,7,3,0,2,5,4428.571428571428,6200.0
587,588,93310,70000,4,3,0,4,7,17500.0,10000.0
588,589,36836,55000,4,3,1,0,4,13750.0,13750.0
589,590,46373,29000,4,5,0,2,7,7250.0,4142.857142857143
590,591,94700,36000,6,2,2,3,7,6000.0,5142.857142857143
591,592,67860,68000,5,2,1,4,7,13600.0,9714.285714285714
592,593,99473,54000,5,4,2,1,7,10800.0,7714.285714285715
593,594,68862,66000,4,5,1,1,7,16500.0,9428.57142857143
594,595,93381,60000,4,2,1,4,7,15000.0,8571.42857142857
595,596,46548,41000,7,4,2,2,8,5857.142857142857,5125.0
596,597,74083,42000,6,4,2,0,6,7000.0,7000.0
597,598,48660,38000,7,5,2,1,8,5428.571428571428,4750.0
598,599,13720,64000,5,4,1,2,7,12800.0,9142.857142857143
599,600,72339,57000,6,2,2,0,4,9500.0,14250.0
600,601,99284,68000,7,5,0,0,5,9714.285714285714,13600.0
601,602,47198,33000,5,4,0,2,6,6600.0,5500.0
602,603,67415,37000,7,4,0,1,5,5285.714285714285,7400.0
603,604,44403,60000,6,3,2,3,8,10000.0,7500.0
604,605,58276,27000,7,3,0,2,5,3857.1428571428573,5400.0
605,606,85234,36000,5,2,2,3,7,7200.0,5142.857142857143
606,607,31948,63000,5,3,1,3,7,12600.0,9000.0
607,608,90191,34000,6,3,1,0,4,5666.666666666667,8500.0
608,609,49341,47000,4,4,1,0,5,11750.0,9400.0
609,610,11562,38000,4,3,2,0,5,9500.0,7600.0
610,611,16253,39000,7,2,1,0,3,5571.428571428572,13000.0
611,612,80623,46000,7,4,1,3,8,6571.428571428572,5750.0
612,613,94391,157000,9,1,14,1,16,17444.444444444445,9812.5
613,614,50598,94000,9,1,11,0,12,10444.444444444445,7833.333333333333
614,615,40019,163000,8,1,7,1,9,20375.0,18111.11111111111
615,616,77910,131000,9,1,10,1,12,14555.555555555555,10916.666666666666
616,617,89832,96000,10,1,11,2,14,9600.0,6857.142857142857
617,618,98216,136000,8,0,13,0,13,17000.0,10461.538461538461
618,619,54495,121000,7,0,13,2,15,17285.714285714286,8066.666666666667
619,620,47650,158000,7,0,13,0,13,22571.428571428572,12153.846153846154
620,621,32107,108000,10,0,15,1,16,10800.0,6750.0
621,622,84192,166000,9,1,12,2,15,18444.444444444445,11066.666666666666
622,623,53916,176000,10,1,15,2,18,17600.0,9777.777777777777
623,624,32584,166000,10,0,7,0,7,16600.0,23714.285714285714
624,625,97285,178000,7,0,11,0,11,25428.571428571428,16181.818181818182
625,626,20337,91000,8,1,6,1,8,11375.0,11375.0
626,627,15585,156000,9,1,10,2,13,17333.333333333332,12000.0
627,628,20620,146000,10,0,12,1,13,14600.0,11230.76923076923
628,629,75009,84000,9,1,15,0,16,9333.333333333334,5250.0
629,630,76203,155000,8,0,7,2,9,19375.0,17222.222222222223
630,631,33837,200000,10,0,13,0,13,20000.0,15384.615384615385
631,632,14916,195000,8,0,15,0,15,24375.0,13000.0
632,633,97935,187000,7,1,7,0,8,26714.285714285714,23375.0
633,634,16180,163000,7,1,10,1,12,23285.714285714286,13583.333333333334
634,635,49493,106000,8,0,8,1,9,13250.0,11777.777777777777
635,636,70974,114000,10,1,7,2,10,11400.0,11400.0
636,637,40217,126000,10,1,8,0,9,12600.0,14000.0
637,638,88442,173000,9,1,11,0,12,19222.222222222223,14416.666666666666
638,639,17538,153000,8,1,7,1,9,19125.0,17000.0
639,640,90839,184000,7,1,15,2,18,26285.714285714286,10222.222222222223
640,641,99843,123000,8,1,15,2,18,15375.0,6833.333333333333
641,642,27212,144000,10,0,10,2,12,14400.0,12000.0
642,643,91575,97000,10,1,9,2,12,9700.0,8083.333333333333
643,644,60190,98000,9,0,8,2,10,10888.888888888889,9800.0
644,645,18519,127000,10,1,15,1,17,12700.0,7470.588235294118
645,646,48762,171000,10,0,15,0,15,17100.0,11400.0
646,647,58392,186000,7,0,8,1,9,26571.428571428572,20666.666666666668
647,648,79953,183000,9,0,9,2,11,20333.333333333332,16636.363636363636
648,649,13315,111000,8,1,7,0,8,13875.0,13875.0
649,650,30570,112000,10,1,8,1,10,11200.0,11200.0
650,651,78996,195000,10,1,12,2,15,19500.0,13000.0
651,652,78404,132000,9,1,12,2,15,14666.666666666666,8800.0
652,653,28525,156000,8,1,8,0,9,19500.0,17333.333333333332
653,654,51826,95000,10,0,15,1,16,9500.0,5937.5
654,655,65750,172000,10,1,9,1,11,17200.0,15636.363636363636
655,656,51108,99000,10,1,10,0,11,9900.0,9000.0
656,657,60732,84000,10,1,13,2,16,8400.0,5250.0
657,658,53834,145000,8,1,9,1,11,18125.0,13181.818181818182
658,659,80655,172000,10,1,15,0,16,17200.0,10750.0
659,660,80150,167000,9,0,12,2,14,18555.555555555555,11928.57142857143
